episode,steps,return,success,target,interventions_total,wallclock_s,global_step
1,300,-68.902,0,B,0,0.6,300
2,300,-84.631,0,B,0,1.0,600
3,300,-79.055,0,B,0,1.3,900
4,300,-76.43,0,B,0,1.5,1200
5,300,-89.611,0,B,0,1.8,1500
6,300,-60.673,0,B,0,2.1,1800
7,300,-62.854,0,B,0,2.4,2100
8,300,-98.857,0,B,0,2.6,2400
9,300,-71.441,0,B,0,2.8,2700
10,300,-71.826,0,B,0,3.1,3000
11,300,-56.231,0,B,0,3.4,3300
12,300,-82.267,0,B,0,3.6,3600
13,300,-81.324,0,B,0,3.8,3900
14,300,-107.511,0,B,0,4.0,4200
15,300,-73.564,0,B,0,4.3,4500
16,300,-81.031,0,B,0,4.5,4800
17,300,-78.013,0,B,0,8.8,5100
18,300,-69.929,0,B,0,19.9,5400
19,300,-56.185,0,B,0,31.2,5700
20,300,-105.428,0,B,0,42.3,6000
21,300,-85.693,0,B,0,53.9,6300
22,300,-103.718,0,B,0,65.1,6600
23,300,-78.639,0,B,0,76.3,6900
24,300,-113.51,0,B,0,87.7,7200
25,300,-84.442,0,B,0,99.1,7500
26,300,-63.388,0,B,0,110.5,7800
27,300,-75.521,0,B,0,122.2,8100
28,300,-69.313,0,B,0,134.1,8400
29,300,-74.741,0,B,0,145.9,8700
30,300,-83.02,0,B,0,158.2,9000
31,300,-82.215,0,B,0,170.3,9300
32,300,-76.275,0,B,0,182.3,9600
33,300,-66.178,0,B,0,194.2,9900
34,300,-73.011,0,B,0,206.3,10200
35,300,-71.778,0,B,0,218.4,10500
36,300,-76.413,0,B,0,230.0,10800
37,300,-79.857,0,B,0,241.9,11100
38,300,-89.295,0,B,0,254.0,11400
39,300,-68.58,0,B,0,266.1,11700
40,300,-67.545,0,B,0,278.0,12000
41,300,-69.684,0,B,0,290.8,12300
42,300,-66.165,0,B,0,305.2,12600
43,300,-68.854,0,B,0,320.3,12900
44,300,-60.998,0,B,0,336.3,13200
45,300,-69.332,0,B,0,352.8,13500
46,300,-70.629,0,B,0,369.3,13800
47,300,-70.104,0,B,0,388.7,14100
48,300,-66.442,0,B,0,404.6,14400
49,300,-66.731,0,B,0,419.2,14700
50,300,-62.558,0,B,0,431.9,15000
51,300,-68.428,0,B,0,444.5,15300
52,300,-61.127,0,B,0,457.4,15600
53,300,-58.74,0,B,0,469.8,15900
54,300,-55.281,0,B,0,482.8,16200
55,300,-60.233,0,B,0,496.1,16500
56,300,-62.329,0,B,0,509.4,16800
57,300,-64.564,0,B,0,522.6,17100
58,300,-62.309,0,B,0,535.0,17400
59,300,-62.482,0,B,0,547.7,17700
60,300,-62.365,0,B,0,560.3,18000
61,300,-63.538,0,B,0,573.0,18300
62,300,-64.342,0,B,0,585.6,18600
63,300,-60.976,0,B,0,599.3,18900
64,300,-60.385,0,B,0,612.6,19200
65,300,-56.06,0,B,0,625.1,19500
66,300,-57.947,0,B,0,637.0,19800
67,300,-60.365,0,B,0,649.0,20100
68,300,-58.462,0,B,0,662.2,20400
69,300,-64.085,0,B,0,682.1,20700
70,300,-65.318,0,B,0,700.5,21000
71,300,-67.609,0,B,0,714.8,21300
72,300,-63.414,0,B,0,728.9,21600
73,300,-64.21,0,B,0,742.4,21900
74,300,-65.894,0,B,0,757.0,22200
75,300,-67.276,0,B,0,771.5,22500
76,300,-68.005,0,B,0,786.4,22800
77,300,-74.204,0,B,0,801.3,23100
78,300,-73.583,0,B,0,817.8,23400
79,300,-79.03,0,B,0,833.7,23700
80,300,-76.931,0,B,0,848.1,24000
81,300,-84.114,0,B,0,863.6,24300
82,214,-29.057,1,A,0,874.2,24514
83,300,-53.759,0,A,0,888.8,24814
84,300,-59.073,0,A,0,956.6,25114
85,300,-64.757,0,A,0,967.0,25414
86,300,-61.54,0,A,0,977.5,25714
87,300,-62.042,0,A,0,987.9,26014
88,300,-61.622,0,A,0,998.0,26314
89,300,-60.308,0,A,0,1008.2,26614
90,300,-56.168,0,A,0,1018.2,26914
91,300,-53.428,0,A,0,1028.2,27214
92,300,-54.064,0,A,0,1038.3,27514
93,300,-54.49,0,A,0,1048.4,27814
94,300,-59.058,0,A,0,1058.5,28114
95,300,-57.582,0,A,0,1068.5,28414
96,300,-65.983,0,A,0,1078.6,28714
97,300,-58.887,0,A,0,1088.8,29014
98,300,-59.623,0,A,0,1098.7,29314
99,300,-60.243,0,A,0,1108.8,29614
100,161,-21.169,1,B,0,1114.2,29775
101,300,-89.074,0,B,0,1124.4,30075
102,300,-65.384,0,B,0,1134.8,30375
103,300,-69.786,0,B,0,1145.3,30675
104,300,-64.791,0,B,0,1155.3,30975
105,300,-77.854,0,B,0,1165.6,31275
106,300,-67.701,0,B,0,1176.3,31575
107,300,-57.835,0,B,0,1186.4,31875
108,300,-68.452,0,B,0,1196.5,32175
109,300,-61.132,0,B,0,1206.8,32475
110,300,-46.97,0,B,0,1216.9,32775
111,300,-47.17,0,B,0,1227.9,33075
112,300,-45.9,0,B,0,1241.6,33375
113,300,-51.917,0,B,0,1256.3,33675
114,300,-45.118,0,B,0,1268.3,33975
115,300,-46.229,0,B,0,1278.4,34275
116,300,-46.178,0,B,0,1288.7,34575
117,300,-42.613,0,B,0,1299.6,34875
118,300,-64.579,0,B,0,1309.7,35175
119,300,-52.412,0,B,0,1319.8,35475
120,300,-54.423,0,B,0,1330.0,35775
121,300,-48.299,0,B,0,1340.2,36075
122,300,-46.381,0,B,0,1350.3,36375
123,300,-50.321,0,B,0,1360.5,36675
124,300,-62.608,0,B,0,1370.7,36975
125,300,-63.674,0,B,0,1380.9,37275
126,300,-54.061,0,B,0,1391.4,37575
127,300,-49.766,0,B,0,1401.7,37875
128,300,-56.219,0,B,0,1411.9,38175
129,300,-48.801,0,B,0,1422.0,38475
130,300,-43.844,0,B,0,1432.2,38775
131,300,-30.12,0,B,0,1442.4,39075
132,300,-34.45,0,B,0,1452.6,39375
133,300,-31.539,0,B,0,1462.8,39675
134,300,-38.675,0,B,0,1473.0,39975
135,279,-27.415,1,A,0,1482.3,40254
136,300,-66.332,0,A,0,1492.4,40554
137,300,-69.064,0,A,0,1502.6,40854
138,300,-61.332,0,A,0,1512.8,41154
139,300,-70.742,0,A,0,1523.0,41454
140,300,-63.115,0,A,0,1533.2,41754
141,300,-57.486,0,A,0,1543.4,42054
142,300,-66.099,0,A,0,1553.6,42354
143,300,-58.682,0,A,0,1563.7,42654
144,300,-67.46,0,A,0,1573.8,42954
145,300,-69.209,0,A,0,1584.3,43254
146,300,-61.822,0,A,0,1594.6,43554
147,300,-53.847,0,A,0,1604.8,43854
148,300,-51.353,0,A,0,1614.9,44154
149,300,-54.414,0,A,0,1625.0,44454
150,300,-52.469,0,A,0,1635.2,44754
151,300,-48.844,0,A,0,1645.2,45054
152,300,-46.494,0,A,0,1655.2,45354
153,300,-44.823,0,A,0,1665.2,45654
154,300,-68.921,0,A,0,1675.5,45954
155,300,-46.556,0,A,0,1685.7,46254
156,300,-55.094,0,A,0,1695.9,46554
157,300,-57.811,0,A,0,1706.3,46854
158,300,-66.164,0,A,0,1716.6,47154
159,300,-69.532,0,A,0,1726.7,47454
160,300,-64.075,0,A,0,1736.8,47754
161,300,-65.131,0,A,0,1747.1,48054
162,300,-64.514,0,A,0,1757.4,48354
163,300,-67.92,0,A,0,1767.5,48654
164,300,-71.367,0,A,0,1777.7,48954
165,300,-69.37,0,A,0,1787.9,49254
166,300,-73.959,0,A,0,1798.1,49554
167,300,-76.443,0,A,0,1808.2,49854
168,300,-71.718,0,A,0,1868.8,50154
169,300,-73.244,0,A,0,1879.0,50454
170,300,-74.98,0,A,0,1889.4,50754
171,300,-75.577,0,A,0,1899.4,51054
172,300,-74.058,0,A,0,1909.6,51354
173,300,-74.983,0,A,0,1919.8,51654
174,300,-75.003,0,A,0,1929.9,51954
175,300,-87.371,0,A,0,1940.1,52254
176,300,-78.766,0,A,0,1950.4,52554
177,300,-81.24,0,A,0,1960.5,52854
178,300,-77.609,0,A,0,1970.8,53154
179,300,-77.159,0,A,0,1981.0,53454
180,300,-77.549,0,A,0,1991.1,53754
181,300,-79.737,0,A,0,2001.4,54054
182,300,-86.47,0,A,0,2011.5,54354
183,300,-83.971,0,A,0,2021.6,54654
184,300,-76.787,0,A,0,2031.9,54954
185,300,-83.994,0,A,0,2042.1,55254
186,300,-81.3,0,A,0,2052.4,55554
187,300,-75.4,0,A,0,2062.9,55854
188,300,-84.755,0,A,0,2073.1,56154
189,300,-78.539,0,A,0,2083.3,56454
190,300,-77.821,0,A,0,2093.5,56754
191,300,-75.123,0,A,0,2103.5,57054
192,300,-79.265,0,A,0,2113.5,57354
193,300,-73.54,0,A,0,2123.8,57654
194,300,-75.091,0,A,0,2134.0,57954
195,300,-74.849,0,A,0,2144.1,58254
196,300,-70.774,0,A,0,2155.4,58554
197,300,-97.204,0,A,0,2165.7,58854
198,300,-91.629,0,A,0,2176.0,59154
199,300,-76.55,0,A,0,2186.5,59454
200,300,-76.744,0,A,0,2196.6,59754
201,300,-76.085,0,A,0,2206.9,60054
202,300,-77.774,0,A,0,2217.0,60354
203,300,-98.18,0,A,0,2227.3,60654
204,300,-102.272,0,A,0,2237.6,60954
205,300,-92.578,0,A,0,2247.8,61254
206,300,-87.967,0,A,0,2258.2,61554
207,300,-89.849,0,A,0,2268.5,61854
208,300,-88.683,0,A,0,2278.6,62154
209,300,-88.725,0,A,0,2288.9,62454
210,300,-88.082,0,A,0,2299.2,62754
211,300,-89.647,0,A,0,2309.5,63054
212,300,-89.823,0,A,0,2319.8,63354
213,300,-87.536,0,A,0,2330.0,63654
214,300,-87.44,0,A,0,2340.3,63954
215,300,-87.181,0,A,0,2350.5,64254
216,300,-86.597,0,A,0,2360.8,64554
217,300,-85.549,0,A,0,2371.3,64854
218,300,-85.606,0,A,0,2381.6,65154
219,300,-84.149,0,A,0,2391.9,65454
220,300,-85.853,0,A,0,2402.1,65754
221,300,-86.848,0,A,0,2412.4,66054
222,300,-74.967,0,A,0,2422.6,66354
223,300,-69.635,0,A,0,2432.7,66654
224,300,-66.656,0,A,0,2442.8,66954
225,300,-65.082,0,A,0,2453.1,67254
226,300,-66.927,0,A,0,2464.0,67554
227,300,-66.949,0,A,0,2474.4,67854
228,300,-66.16,0,A,0,2484.9,68154
229,300,-77.416,0,A,0,2495.1,68454
230,300,-75.674,0,A,0,2505.1,68754
231,300,-72.36,0,A,0,2515.3,69054
232,300,-71.218,0,A,0,2525.6,69354
233,300,-83.262,0,A,0,2535.9,69654
234,300,-77.868,0,A,0,2546.1,69954
235,300,-81.286,0,A,0,2556.4,70254
236,300,-82.051,0,A,0,2566.7,70554
237,300,-79.698,0,A,0,2576.8,70854
238,300,-83.604,0,A,0,2587.0,71154
239,300,-79.495,0,A,0,2597.3,71454
240,300,-73.453,0,A,0,2607.5,71754
241,300,-72.673,0,A,0,2617.7,72054
242,300,-68.909,0,A,0,2627.8,72354
243,300,-65.456,0,A,0,2637.8,72654
244,300,-63.609,0,A,0,2648.0,72954
245,300,-63.425,0,A,0,2658.3,73254
246,300,-64.616,0,A,0,2668.6,73554
247,300,-66.321,0,A,0,2678.9,73854
248,300,-67.256,0,A,0,2689.1,74154
249,300,-65.388,0,A,0,2699.3,74454
250,300,-64.69,0,A,0,2709.5,74754
251,300,-65.653,0,A,0,2769.5,75054
252,300,-66.66,0,A,0,2779.8,75354
253,300,-65.102,0,A,0,2790.0,75654
254,300,-64.998,0,A,0,2800.2,75954
255,300,-66.05,0,A,0,2810.5,76254
256,300,-66.231,0,A,0,2820.6,76554
257,300,-65.951,0,A,0,2830.8,76854
258,300,-83.085,0,A,0,2840.9,77154
259,300,-74.256,0,A,0,2851.2,77454
260,300,-67.047,0,A,0,2861.5,77754
261,300,-67.348,0,A,0,2871.7,78054
262,300,-84.995,0,A,0,2881.8,78354
263,300,-76.617,0,A,0,2892.0,78654
264,300,-77.299,0,A,0,2902.2,78954
265,300,-69.698,0,A,0,2912.4,79254
266,300,-64.017,0,A,0,2922.8,79554
267,300,-62.713,0,A,0,2933.0,79854
268,300,-62.645,0,A,0,2943.2,80154
269,300,-62.555,0,A,0,2953.3,80454
270,300,-62.856,0,A,0,2963.6,80754
271,300,-63.173,0,A,0,2973.7,81054
272,300,-64.598,0,A,0,2984.0,81354
273,300,-64.309,0,A,0,2994.7,81654
274,300,-66.751,0,A,0,3004.9,81954
275,300,-66.904,0,A,0,3015.1,82254
276,300,-66.914,0,A,0,3025.5,82554
277,300,-66.802,0,A,0,3035.5,82854
278,300,-68.579,0,A,0,3045.7,83154
279,300,-69.657,0,A,0,3055.9,83454
280,300,-71.963,0,A,0,3066.2,83754
281,300,-74.935,0,A,0,3076.5,84054
282,300,-76.748,0,A,0,3086.7,84354
283,300,-70.196,0,A,0,3096.9,84654
284,300,-75.222,0,A,0,3107.0,84954
285,300,-81.452,0,A,0,3117.2,85254
286,300,-76.799,0,A,0,3127.3,85554
287,300,-75.137,0,A,0,3137.5,85854
288,300,-70.616,0,A,0,3147.7,86154
289,300,-91.488,0,A,0,3157.8,86454
290,300,-69.61,0,A,0,3168.0,86754
291,300,-72.072,0,A,0,3178.1,87054
292,300,-90.522,0,A,0,3188.5,87354
293,300,-64.403,0,A,0,3198.8,87654
294,300,-87.768,0,A,0,3209.3,87954
295,300,-62.702,0,A,0,3219.4,88254
296,300,-64.929,0,A,0,3229.6,88554
297,300,-79.854,0,A,0,3239.8,88854
298,300,-78.448,0,A,0,3250.1,89154
299,300,-68.828,0,A,0,3260.4,89454
300,126,-9.552,1,B,0,3264.7,89580
301,300,-61.006,0,B,0,3275.0,89880
302,300,-76.527,0,B,0,3285.4,90180
303,300,-88.564,0,B,0,3295.7,90480
304,300,-89.92,0,B,0,3306.0,90780
305,300,-89.31,0,B,0,3316.3,91080
306,300,-83.851,0,B,0,3326.7,91380
307,300,-83.102,0,B,0,3336.7,91680
308,300,-78.706,0,B,0,3347.0,91980
309,300,-74.352,0,B,0,3357.2,92280
310,300,-70.241,0,B,0,3367.3,92580
311,300,-67.422,0,B,0,3377.5,92880
312,300,-65.704,0,B,0,3387.8,93180
313,300,-68.082,0,B,0,3398.0,93480
314,300,-68.862,0,B,0,3408.0,93780
315,300,-71.776,0,B,0,3418.2,94080
316,300,-75.082,0,B,0,3428.4,94380
317,300,-76.542,0,B,0,3438.6,94680
318,300,-75.037,0,B,0,3448.9,94980
319,300,-78.035,0,B,0,3459.4,95280
320,300,-78.274,0,B,0,3469.5,95580
321,300,-77.227,0,B,0,3479.8,95880
322,300,-74.917,0,B,0,3490.1,96180
323,300,-74.059,0,B,0,3500.2,96480
324,300,-69.886,0,B,0,3510.4,96780
325,300,-68.562,0,B,0,3520.5,97080
326,300,-88.476,0,B,0,3530.7,97380
327,300,-71.675,0,B,0,3540.7,97680
328,300,-64.482,0,B,0,3551.0,97980
329,300,-66.288,0,B,0,3561.1,98280
330,300,-71.028,0,B,0,3571.3,98580
331,300,-72.348,0,B,0,3581.4,98880
332,300,-72.243,0,B,0,3591.5,99180
333,300,-69.071,0,B,0,3601.8,99480
334,300,-74.182,0,B,0,3612.0,99780
335,300,-71.165,0,B,0,3671.1,100080
336,300,-71.703,0,B,0,3681.9,100380
337,300,-72.509,0,B,0,3692.5,100680
338,300,-61.505,0,B,0,3702.7,100980
339,300,-71.678,0,B,0,3713.0,101280
340,300,-71.109,0,B,0,3723.3,101580
341,300,-74.683,0,B,0,3733.6,101880
342,300,-76.713,0,B,0,3743.9,102180
343,300,-76.162,0,B,0,3754.3,102480
344,300,-77.715,0,B,0,3764.7,102780
345,300,-73.457,0,B,0,3775.1,103080
346,300,-75.546,0,B,0,3785.2,103380
347,300,-74.593,0,B,0,3795.4,103680
348,300,-72.56,0,B,0,3805.7,103980
349,300,-81.872,0,B,0,3816.0,104280
350,300,-104.438,0,B,0,3826.3,104580
351,300,-100.501,0,B,0,3836.7,104880
352,300,-103.799,0,B,0,3846.8,105180
353,300,-96.736,0,B,0,3857.0,105480
354,300,-89.314,0,B,0,3867.3,105780
355,300,-78.501,0,B,0,3877.5,106080
356,300,-74.612,0,B,0,3887.7,106380
357,300,-77.688,0,B,0,3898.1,106680
358,300,-73.965,0,B,0,3908.2,106980
359,300,-72.507,0,B,0,3918.5,107280
360,300,-68.382,0,B,0,3929.2,107580
361,300,-70.646,0,B,0,3939.5,107880
362,300,-71.612,0,B,0,3950.0,108180
363,300,-65.699,0,B,0,3960.2,108480
364,300,-67.095,0,B,0,3970.3,108780
365,300,-68.592,0,B,0,3980.4,109080
366,300,-68.575,0,B,0,3990.6,109380
367,300,-66.746,0,B,0,4000.8,109680
368,300,-66.762,0,B,0,4010.9,109980
369,300,-65.671,0,B,0,4021.2,110280
370,300,-65.93,0,B,0,4032.0,110580
371,300,-63.395,0,B,0,4042.2,110880
372,300,-65.459,0,B,0,4052.5,111180
373,300,-66.177,0,B,0,4062.9,111480
374,300,-66.994,0,B,0,4073.0,111780
375,300,-63.833,0,B,0,4083.3,112080
376,300,-65.581,0,B,0,4094.1,112380
377,300,-64.165,0,B,0,4104.6,112680
378,300,-59.192,0,B,0,4114.7,112980
379,300,-61.718,0,B,0,4124.9,113280
380,300,-66.629,0,B,0,4135.1,113580
381,300,-69.119,0,B,0,4145.2,113880
382,300,-69.635,0,B,0,4155.6,114180
383,300,-65.516,0,B,0,4166.0,114480
384,300,-64.075,0,B,0,4176.2,114780
385,300,-62.709,0,B,0,4186.4,115080
386,300,-62.472,0,B,0,4196.6,115380
387,300,-60.876,0,B,0,4206.8,115680
388,300,-61.529,0,B,0,4217.1,115980
389,300,-62.268,0,B,0,4227.2,116280
390,300,-59.078,0,B,0,4237.3,116580
391,300,-58.212,0,B,0,4247.6,116880
392,300,-57.895,0,B,0,4257.8,117180
393,300,-57.578,0,B,0,4268.1,117480
394,300,-56.923,0,B,0,4278.4,117780
395,300,-58.006,0,B,0,4288.9,118080
396,300,-57.422,0,B,0,4299.0,118380
397,300,-58.526,0,B,0,4309.0,118680
398,300,-58.923,0,B,0,4319.2,118980
399,300,-57.138,0,B,0,4329.3,119280
400,300,-57.259,0,B,0,4339.6,119580
401,300,-57.202,0,B,0,4349.8,119880
402,300,-57.566,0,B,0,4360.0,120180
403,300,-57.649,0,B,0,4370.3,120480
404,300,-57.505,0,B,0,4380.4,120780
405,300,-60.11,0,B,0,4390.9,121080
406,300,-58.035,0,B,0,4401.1,121380
407,300,-59.17,0,B,0,4411.5,121680
408,300,-59.012,0,B,0,4424.1,121980
409,300,-57.64,0,B,0,4434.5,122280
410,300,-59.702,0,B,0,4444.6,122580
411,300,-60.813,0,B,0,4454.9,122880
412,300,-61.068,0,B,0,4465.1,123180
413,300,-59.712,0,B,0,4475.4,123480
414,300,-59.005,0,B,0,4485.8,123780
415,300,-60.583,0,B,0,4496.0,124080
416,300,-59.007,0,B,0,4506.4,124380
417,300,-64.421,0,B,0,4516.6,124680
418,300,-60.355,0,B,0,4526.7,124980
419,300,-60.381,0,B,0,4587.1,125280
420,300,-59.504,0,B,0,4597.2,125580
421,300,-61.815,0,B,0,4607.4,125880
422,300,-60.739,0,B,0,4617.3,126180
423,300,-63.206,0,B,0,4627.4,126480
424,300,-64.441,0,B,0,4637.6,126780
425,300,-63.26,0,B,0,4647.8,127080
426,300,-63.485,0,B,0,4658.0,127380
427,300,-61.133,0,B,0,4668.1,127680
428,300,-62.169,0,B,0,4678.4,127980
429,300,-62.915,0,B,0,4688.7,128280
430,300,-63.576,0,B,0,4698.8,128580
431,300,-64.763,0,B,0,4709.2,128880
432,300,-63.429,0,B,0,4719.3,129180
433,300,-69.632,0,B,0,4729.6,129480
434,300,-73.637,0,B,0,4740.0,129780
435,300,-76.094,0,B,0,4750.3,130080
436,300,-66.746,0,B,0,4760.5,130380
437,300,-64.426,0,B,0,4771.0,130680
438,300,-68.173,0,B,0,4781.4,130980
439,300,-67.37,0,B,0,4791.7,131280
440,300,-61.139,0,B,0,4801.9,131580
441,300,-60.654,0,B,0,4812.0,131880
442,300,-58.952,0,B,0,4822.2,132180
443,300,-56.466,0,B,0,4832.6,132480
444,300,-54.801,0,B,0,4842.9,132780
445,300,-55.084,0,B,0,4853.6,133080
446,300,-55.459,0,B,0,4863.8,133380
447,300,-55.912,0,B,0,4873.9,133680
448,300,-55.304,0,B,0,4887.3,133980
449,300,-55.169,0,B,0,4900.7,134280
450,300,-55.871,0,B,0,4912.6,134580
451,300,-55.179,0,B,0,4923.6,134880
452,300,-54.921,0,B,0,4934.3,135180
453,300,-55.282,0,B,0,4944.7,135480
454,300,-55.391,0,B,0,4956.4,135780
455,300,-56.979,0,B,0,4967.0,136080
456,300,-56.858,0,B,0,4977.0,136380
457,300,-57.107,0,B,0,4987.0,136680
458,300,-56.138,0,B,0,4997.0,136980
459,300,-57.836,0,B,0,5007.0,137280
460,300,-57.438,0,B,0,5017.0,137580
461,300,-58.221,0,B,0,5027.1,137880
462,300,-56.978,0,B,0,5037.0,138180
463,300,-61.56,0,B,0,5047.1,138480
464,300,-56.683,0,B,0,5056.9,138780
465,300,-58.281,0,B,0,5066.9,139080
466,300,-57.953,0,B,0,5076.8,139380
467,300,-55.321,0,B,0,5086.8,139680
468,300,-58.482,0,B,0,5096.9,139980
469,300,-60.515,0,B,0,5106.9,140280
470,300,-72.363,0,B,0,5116.9,140580
471,300,-69.408,0,B,0,5126.9,140880
472,300,-64.974,0,B,0,5136.9,141180
473,300,-66.991,0,B,0,5146.9,141480
474,300,-67.577,0,B,0,5156.9,141780
475,300,-67.323,0,B,0,5166.9,142080
476,300,-66.004,0,B,0,5176.8,142380
477,300,-67.24,0,B,0,5186.7,142680
478,300,-67.806,0,B,0,5196.9,142980
479,300,-64.732,0,B,0,5207.3,143280
480,300,-63.055,0,B,0,5217.4,143580
481,300,-57.156,0,B,0,5227.5,143880
482,300,-54.559,0,B,0,5237.6,144180
483,300,-60.079,0,B,0,5247.6,144480
484,300,-55.866,0,B,0,5257.8,144780
485,300,-61.835,0,B,0,5268.0,145080
486,300,-62.31,0,B,0,5278.0,145380
487,300,-60.983,0,B,0,5288.0,145680
488,300,-69.297,0,B,0,5297.9,145980
489,300,-70.594,0,B,0,5307.8,146280
490,300,-62.62,0,B,0,5318.1,146580
491,300,-58.873,0,B,0,5328.4,146880
492,300,-61.37,0,B,0,5339.0,147180
493,300,-60.785,0,B,0,5349.1,147480
494,300,-57.219,0,B,0,5359.1,147780
495,300,-58.064,0,B,0,5369.0,148080
496,300,-57.331,0,B,0,5379.1,148380
497,300,-57.178,0,B,0,5389.1,148680
498,300,-57.406,0,B,0,5398.9,148980
499,300,-56.076,0,B,0,5408.8,149280
500,300,-66.027,0,B,0,5418.7,149580
501,300,-56.02,0,B,0,5428.5,149880
502,300,-55.195,0,B,0,5487.5,150180
503,300,-57.644,0,B,0,5497.3,150480
504,300,-78.262,0,B,0,5507.1,150780
505,300,-57.74,0,B,0,5516.9,151080
506,300,-60.469,0,B,0,5526.9,151380
507,300,-59.289,0,B,0,5536.6,151680
508,300,-60.684,0,B,0,5546.5,151980
509,300,-60.478,0,B,0,5556.4,152280
510,300,-59.494,0,B,0,5566.5,152580
511,300,-59.077,0,B,0,5576.6,152880
512,300,-58.619,0,B,0,5586.4,153180
513,300,-58.284,0,B,0,5596.1,153480
514,300,-59.024,0,B,0,5606.0,153780
515,300,-60.683,0,B,0,5616.0,154080
516,300,-57.918,0,B,0,5625.9,154380
517,300,-57.543,0,B,0,5635.8,154680
518,300,-56.268,0,B,0,5645.8,154980
519,300,-58.5,0,B,0,5655.8,155280
520,300,-56.03,0,B,0,5665.9,155580
521,300,-57.643,0,B,0,5675.8,155880
522,300,-58.955,0,B,0,5685.6,156180
523,300,-59.504,0,B,0,5695.5,156480
524,300,-57.231,0,B,0,5705.3,156780
525,300,-57.069,0,B,0,5715.0,157080
526,300,-59.693,0,B,0,5724.8,157380
527,300,-58.881,0,B,0,5734.8,157680
528,300,-58.385,0,B,0,5744.7,157980
529,300,-60.119,0,B,0,5754.6,158280
530,300,-60.484,0,B,0,5764.4,158580
531,300,-59.689,0,B,0,5774.3,158880
532,300,-60.518,0,B,0,5784.5,159180
533,300,-60.29,0,B,0,5794.3,159480
534,300,-59.568,0,B,0,5804.3,159780
535,300,-61.934,0,B,0,5814.2,160080
536,300,-66.72,0,B,0,5824.1,160380
537,300,-58.817,0,B,0,5834.0,160680
538,300,-80.054,0,B,0,5844.1,160980
539,300,-71.373,0,B,0,5854.1,161280
540,300,-71.756,0,B,0,5864.2,161580
541,300,-69.751,0,B,0,5874.3,161880
542,300,-61.62,0,B,0,5884.5,162180
543,300,-58.961,0,B,0,5894.7,162480
544,300,-66.558,0,B,0,5904.8,162780
545,300,-61.755,0,B,0,5914.7,163080
546,300,-59.253,0,B,0,5924.6,163380
547,300,-58.563,0,B,0,5934.4,163680
548,300,-58.37,0,B,0,5944.4,163980
549,300,-60.992,0,B,0,5954.2,164280
550,300,-61.79,0,B,0,5964.4,164580
551,300,-60.682,0,B,0,5974.5,164880
552,300,-60.334,0,B,0,5984.5,165180
553,300,-57.476,0,B,0,5994.5,165480
554,300,-58.752,0,B,0,6004.6,165780
555,300,-57.663,0,B,0,6014.4,166080
556,300,-56.033,0,B,0,6024.4,166380
557,300,-60.128,0,B,0,6034.2,166680
558,300,-60.223,0,B,0,6044.1,166980
559,300,-61.563,0,B,0,6054.0,167280
560,300,-63.26,0,B,0,6063.9,167580
561,300,-64.969,0,B,0,6073.8,167880
562,300,-65.797,0,B,0,6084.0,168180
563,300,-65.215,0,B,0,6094.2,168480
564,300,-65.015,0,B,0,6104.3,168780
565,300,-60.764,0,B,0,6114.2,169080
566,300,-63.69,0,B,0,6124.0,169380
567,300,-63.325,0,B,0,6134.2,169680
568,300,-59.119,0,B,0,6144.3,169980
569,300,-50.291,0,B,0,6154.5,170280
570,300,-39.017,0,B,0,6164.7,170580
571,176,-8.317,1,A,0,6170.6,170756
572,300,-66.081,0,A,0,6180.5,171056
573,300,-43.037,0,A,0,6190.4,171356
574,300,-46.603,0,A,0,6200.5,171656
575,300,-51.112,0,A,0,6210.6,171956
576,300,-46.613,0,A,0,6220.6,172256
577,300,-44.981,0,A,0,6230.5,172556
578,300,-63.069,0,A,0,6240.4,172856
579,300,-74.783,0,A,0,6250.4,173156
580,300,-78.565,0,A,0,6260.8,173456
581,300,-77.128,0,A,0,6271.1,173756
582,300,-74.776,0,A,0,6281.0,174056
583,300,-69.487,0,A,0,6291.0,174356
584,300,-68.856,0,A,0,6301.1,174656
585,300,-66.386,0,A,0,6311.1,174956
586,300,-71.548,0,A,0,6372.1,175256
587,300,-66.993,0,A,0,6382.3,175556
588,300,-68.095,0,A,0,6392.2,175856
589,300,-64.701,0,A,0,6402.3,176156
590,300,-68.166,0,A,0,6412.7,176456
591,300,-63.991,0,A,0,6422.6,176756
592,300,-64.069,0,A,0,6432.8,177056
593,300,-61.584,0,A,0,6442.9,177356
594,300,-60.619,0,A,0,6453.1,177656
595,300,-63.507,0,A,0,6463.1,177956
596,300,-66.274,0,A,0,6473.2,178256
597,300,-61.506,0,A,0,6483.4,178556
598,300,-61.075,0,A,0,6493.4,178856
599,300,-57.859,0,A,0,6503.5,179156
600,300,-60.28,0,A,0,6513.6,179456
601,300,-59.372,0,A,0,6523.7,179756
602,300,-58.171,0,A,0,6533.7,180056
603,300,-58.769,0,A,0,6543.7,180356
604,300,-64.883,0,A,0,6553.6,180656
605,300,-62.705,0,A,0,6563.8,180956
606,300,-61.571,0,A,0,6573.7,181256
607,300,-62.258,0,A,0,6583.5,181556
608,300,-62.573,0,A,0,6593.4,181856
609,300,-66.494,0,A,0,6603.3,182156
610,300,-65.916,0,A,0,6613.1,182456
611,300,-63.333,0,A,0,6622.9,182756
612,300,-68.521,0,A,0,6632.8,183056
613,300,-64.429,0,A,0,6642.6,183356
614,300,-67.52,0,A,0,6652.6,183656
615,300,-65.539,0,A,0,6662.5,183956
616,300,-66.928,0,A,0,6672.4,184256
617,300,-61.97,0,A,0,6682.4,184556
618,300,-60.157,0,A,0,6692.5,184856
619,300,-60.669,0,A,0,6702.3,185156
620,300,-58.191,0,A,0,6712.2,185456
621,300,-58.318,0,A,0,6722.6,185756
622,300,-60.855,0,A,0,6732.6,186056
623,300,-59.559,0,A,0,6742.7,186356
624,300,-57.034,0,A,0,6752.7,186656
625,300,-58.37,0,A,0,6762.7,186956
626,300,-58.68,0,A,0,6772.6,187256
627,300,-63.508,0,A,0,6782.6,187556
628,300,-62.164,0,A,0,6792.8,187856
629,300,-62.354,0,A,0,6802.8,188156
630,300,-62.631,0,A,0,6812.8,188456
631,300,-62.361,0,A,0,6823.0,188756
632,300,-60.888,0,A,0,6832.9,189056
633,300,-60.586,0,A,0,6843.0,189356
634,300,-60.225,0,A,0,6853.1,189656
635,300,-60.996,0,A,0,6863.3,189956
636,300,-81.124,0,A,0,6873.2,190256
637,300,-59.305,0,A,0,6883.0,190556
638,300,-72.42,0,A,0,6893.1,190856
639,300,-71.386,0,A,0,6902.9,191156
640,300,-76.789,0,A,0,6912.9,191456
641,300,-70.623,0,A,0,6922.7,191756
642,300,-67.948,0,A,0,6932.8,192056
643,300,-60.706,0,A,0,6942.6,192356
644,300,-69.87,0,A,0,6952.5,192656
645,300,-71.56,0,A,0,6962.7,192956
646,300,-60.803,0,A,0,6972.6,193256
647,300,-67.062,0,A,0,6982.5,193556
648,300,-66.381,0,A,0,6992.5,193856
649,300,-74.801,0,A,0,7002.6,194156
650,300,-75.426,0,A,0,7012.3,194456
651,300,-71.144,0,A,0,7022.3,194756
652,300,-68.103,0,A,0,7032.3,195056
653,300,-70.606,0,A,0,7042.2,195356
654,300,-66.267,0,A,0,7052.2,195656
655,300,-66.279,0,A,0,7062.3,195956
656,300,-66.404,0,A,0,7072.2,196256
657,300,-66.861,0,A,0,7082.0,196556
658,300,-66.733,0,A,0,7092.0,196856
659,300,-66.821,0,A,0,7101.9,197156
660,300,-69.844,0,A,0,7111.7,197456
661,300,-85.084,0,A,0,7121.7,197756
662,300,-84.968,0,A,0,7131.6,198056
663,300,-84.908,0,A,0,7141.7,198356
664,300,-83.793,0,A,0,7151.6,198656
665,300,-83.516,0,A,0,7161.6,198956
666,300,-82.319,0,A,0,7171.8,199256
667,300,-76.537,0,A,0,7181.8,199556
668,300,-72.246,0,A,0,7191.6,199856
669,300,-68.643,0,A,0,7249.9,200156
670,300,-66.82,0,A,0,7259.7,200456
671,300,-63.543,0,A,0,7269.5,200756
672,300,-59.835,0,A,0,7279.5,201056
673,300,-58.522,0,A,0,7289.5,201356
674,300,-58.307,0,A,0,7299.4,201656
675,300,-57.751,0,A,0,7309.3,201956
676,300,-58.019,0,A,0,7319.1,202256
677,300,-59.295,0,A,0,7329.0,202556
678,300,-58.417,0,A,0,7339.1,202856
679,300,-57.006,0,A,0,7349.1,203156
680,300,-56.42,0,A,0,7358.9,203456
681,300,-55.299,0,A,0,7368.9,203756
682,300,-51.545,0,A,0,7378.9,204056
683,300,-47.276,0,A,0,7388.8,204356
684,300,-51.276,0,A,0,7398.7,204656
685,300,-58.213,0,A,0,7408.7,204956
686,300,-64.964,0,A,0,7418.7,205256
687,300,-60.318,0,A,0,7428.7,205556
688,300,-64.361,0,A,0,7438.5,205856
689,300,-60.393,0,A,0,7448.5,206156
690,300,-67.939,0,A,0,7458.5,206456
691,300,-60.834,0,A,0,7468.6,206756
692,300,-62.69,0,A,0,7478.7,207056
693,300,-59.863,0,A,0,7488.6,207356
694,300,-60.958,0,A,0,7498.8,207656
695,300,-63.008,0,A,0,7508.7,207956
696,300,-60.232,0,A,0,7518.7,208256
697,300,-62.175,0,A,0,7528.8,208556
698,300,-67.866,0,A,0,7539.2,208856
699,300,-69.302,0,A,0,7549.1,209156
700,300,-68.317,0,A,0,7559.2,209456
701,300,-64.854,0,A,0,7569.1,209756
702,300,-65.844,0,A,0,7579.0,210056
703,300,-63.304,0,A,0,7589.2,210356
704,300,-68.382,0,A,0,7599.1,210656
705,300,-73.846,0,A,0,7609.0,210956
706,300,-75.027,0,A,0,7618.9,211256
707,300,-74.546,0,A,0,7629.0,211556
708,300,-73.62,0,A,0,7639.1,211856
709,300,-71.047,0,A,0,7649.2,212156
710,300,-70.725,0,A,0,7659.0,212456
711,300,-72.628,0,A,0,7668.9,212756
712,300,-69.41,0,A,0,7678.9,213056
713,300,-66.248,0,A,0,7689.0,213356
714,300,-64.604,0,A,0,7699.6,213656
715,300,-62.757,0,A,0,7709.3,213956
716,300,-62.364,0,A,0,7719.2,214256
717,300,-63.202,0,A,0,7729.1,214556
718,300,-61.169,0,A,0,7739.1,214856
719,300,-61.013,0,A,0,7749.1,215156
720,300,-60.828,0,A,0,7759.0,215456
721,300,-61.19,0,A,0,7769.0,215756
722,300,-61.116,0,A,0,7778.9,216056
723,300,-60.804,0,A,0,7788.9,216356
724,300,-60.297,0,A,0,7798.8,216656
725,300,-60.131,0,A,0,7808.6,216956
726,300,-60.735,0,A,0,7818.4,217256
727,300,-61.106,0,A,0,7828.4,217556
728,300,-60.41,0,A,0,7838.4,217856
729,300,-60.74,0,A,0,7848.3,218156
730,300,-59.579,0,A,0,7858.3,218456
731,300,-60.781,0,A,0,7868.9,218756
732,300,-61.164,0,A,0,7878.9,219056
733,300,-61.366,0,A,0,7888.8,219356
734,300,-60.906,0,A,0,7898.7,219656
735,300,-62.31,0,A,0,7908.6,219956
736,300,-63.42,0,A,0,7918.5,220256
737,300,-62.464,0,A,0,7928.2,220556
738,300,-61.534,0,A,0,7937.9,220856
739,300,-63.782,0,A,0,7948.0,221156
740,300,-63.502,0,A,0,7957.7,221456
741,300,-62.338,0,A,0,7967.4,221756
742,300,-62.991,0,A,0,7977.2,222056
743,300,-61.504,0,A,0,7987.3,222356
744,300,-61.969,0,A,0,7997.1,222656
745,300,-61.997,0,A,0,8007.3,222956
746,300,-62.477,0,A,0,8017.2,223256
747,300,-61.983,0,A,0,8029.3,223556
748,300,-63.412,0,A,0,8039.7,223856
749,300,-61.704,0,A,0,8049.6,224156
750,300,-62.139,0,A,0,8059.5,224456
751,300,-62.927,0,A,0,8069.5,224756
752,300,-63.052,0,A,0,8127.9,225056
753,300,-61.339,0,A,0,8137.7,225356
754,300,-61.348,0,A,0,8147.6,225656
755,300,-59.943,0,A,0,8157.4,225956
756,300,-60.96,0,A,0,8167.3,226256
757,300,-60.981,0,A,0,8177.2,226556
758,300,-61.215,0,A,0,8187.0,226856
759,300,-63.094,0,A,0,8196.9,227156
760,300,-61.107,0,A,0,8206.8,227456
761,300,-63.153,0,A,0,8216.4,227756
762,300,-67.003,0,A,0,8226.5,228056
763,300,-65.648,0,A,0,8236.4,228356
764,300,-60.505,0,A,0,8246.2,228656
765,300,-66.737,0,A,0,8256.1,228956
766,300,-66.267,0,A,0,8266.0,229256
767,300,-66.284,0,A,0,8276.1,229556
768,300,-60.23,0,A,0,8285.9,229856
769,300,-60.548,0,A,0,8296.0,230156
770,300,-59.757,0,A,0,8305.9,230456
771,300,-60.018,0,A,0,8315.7,230756
772,300,-60.528,0,A,0,8325.7,231056
773,300,-60.222,0,A,0,8335.5,231356
774,300,-62.361,0,A,0,8345.7,231656
775,300,-60.303,0,A,0,8355.4,231956
776,300,-61.57,0,A,0,8365.4,232256
777,300,-67.054,0,A,0,8375.8,232556
778,300,-59.737,0,A,0,8385.9,232856
779,300,-61.61,0,A,0,8395.8,233156
780,300,-61.883,0,A,0,8405.9,233456
781,300,-62.28,0,A,0,8415.7,233756
782,300,-61.18,0,A,0,8425.6,234056
783,300,-61.47,0,A,0,8435.5,234356
784,300,-60.896,0,A,0,8445.4,234656
785,300,-60.491,0,A,0,8455.4,234956
786,300,-60.887,0,A,0,8465.4,235256
787,300,-62.335,0,A,0,8475.2,235556
788,300,-60.839,0,A,0,8485.0,235856
789,300,-61.959,0,A,0,8494.8,236156
790,300,-63.043,0,A,0,8504.7,236456
791,300,-65.378,0,A,0,8514.7,236756
792,300,-33.251,0,A,0,8524.5,237056
793,65,2.584,1,B,0,8526.7,237121
794,300,-60.836,0,B,0,8536.6,237421
795,300,-63.735,0,B,0,8546.7,237721
796,300,-63.667,0,B,0,8556.5,238021
797,300,-62.1,0,B,0,8566.5,238321
798,300,-51.234,0,B,0,8576.3,238621
799,300,-40.689,0,B,0,8586.5,238921
800,300,-32.988,0,B,0,8596.4,239221
801,300,-28.494,0,B,0,8606.2,239521
802,300,-39.777,0,B,0,8616.2,239821
803,300,-28.551,0,B,0,8626.1,240121
804,300,-28.987,0,B,0,8636.0,240421
805,300,-32.523,0,B,0,8645.9,240721
806,300,-31.857,0,B,0,8655.8,241021
807,300,-31.403,0,B,0,8665.7,241321
808,300,-33.415,0,B,0,8675.4,241621
809,300,-34.982,0,B,0,8685.3,241921
810,300,-33.23,0,B,0,8695.2,242221
811,300,-32.867,0,B,0,8705.0,242521
812,300,-29.089,0,B,0,8715.0,242821
813,300,-27.158,0,B,0,8724.9,243121
814,300,-25.138,0,B,0,8735.3,243421
815,300,-24.472,0,B,0,8746.4,243721
816,300,-26.738,0,B,0,8756.2,244021
817,300,-27.676,0,B,0,8765.9,244321
818,300,-28.298,0,B,0,8776.1,244621
819,300,-29.044,0,B,0,8786.1,244921
820,300,-28.556,0,B,0,8795.9,245221
821,300,-29.322,0,B,0,8806.0,245521
822,300,-28.671,0,B,0,8816.0,245821
823,300,-29.135,0,B,0,8825.9,246121
824,300,-27.896,0,B,0,8835.8,246421
825,300,-29.582,0,B,0,8845.6,246721
826,300,-29.636,0,B,0,8855.3,247021
827,300,-30.064,0,B,0,8865.1,247321
828,300,-29.645,0,B,0,8875.1,247621
829,300,-29.739,0,B,0,8885.0,247921
830,300,-26.456,0,B,0,8894.6,248221
831,300,-26.039,0,B,0,8904.4,248521
832,300,-24.846,0,B,0,8914.1,248821
833,300,-22.272,0,B,0,8924.0,249121
834,300,-22.917,0,B,0,8934.0,249421
835,300,-21.045,0,B,0,8943.9,249721
836,300,-22.425,0,B,0,8995.2,250021
837,300,-22.336,0,B,0,9005.0,250321
838,300,-22.748,0,B,0,9014.8,250621
839,300,-21.794,0,B,0,9024.6,250921
840,300,-20.407,0,B,0,9034.4,251221
841,300,-21.018,0,B,0,9044.3,251521
842,300,-21.005,0,B,0,9054.1,251821
843,300,-21.766,0,B,0,9064.1,252121
844,300,-19.806,0,B,0,9073.9,252421
845,300,-19.384,0,B,0,9083.7,252721
846,300,-20.546,0,B,0,9093.6,253021
847,300,-20.198,0,B,0,9103.4,253321
848,300,-22.93,0,B,0,9113.0,253621
849,300,-21.774,0,B,0,9122.9,253921
850,300,-24.712,0,B,0,9132.7,254221
851,300,-23.061,0,B,0,9142.7,254521
852,300,-23.815,0,B,0,9152.6,254821
853,300,-23.887,0,B,0,9162.7,255121
854,300,-23.883,0,B,0,9172.6,255421
855,300,-19.817,0,B,0,9182.3,255721
856,300,-21.383,0,B,0,9192.2,256021
857,300,-23.061,0,B,0,9202.0,256321
858,300,-24.206,0,B,0,9211.8,256621
859,300,-26.066,0,B,0,9221.6,256921
860,300,-35.513,0,B,0,9231.4,257221
861,300,-30.162,0,B,0,9241.2,257521
862,300,-25.494,0,B,0,9250.9,257821
863,300,-28.19,0,B,0,9260.6,258121
864,300,-29.138,0,B,0,9270.6,258421
865,300,-30.589,0,B,0,9280.6,258721
866,300,-29.37,0,B,0,9290.5,259021
867,300,-29.254,0,B,0,9300.4,259321
868,300,-29.496,0,B,0,9310.1,259621
869,300,-28.166,0,B,0,9319.9,259921
870,300,-26.209,0,B,0,9329.6,260221
871,300,-26.69,0,B,0,9339.5,260521
872,300,-28.209,0,B,0,9349.4,260821
873,300,-28.12,0,B,0,9359.1,261121
874,300,-29.286,0,B,0,9369.0,261421
875,300,-27.314,0,B,0,9379.0,261721
876,300,-31.458,0,B,0,9388.9,262021
877,300,-29.423,0,B,0,9398.7,262321
878,300,-31.994,0,B,0,9408.6,262621
879,300,-32.823,0,B,0,9418.4,262921
880,300,-32.662,0,B,0,9428.2,263221
881,300,-33.911,0,B,0,9437.9,263521
882,300,-35.41,0,B,0,9447.7,263821
883,300,-39.011,0,B,0,9457.5,264121
884,300,-41.447,0,B,0,9467.3,264421
885,300,-31.153,0,B,0,9477.2,264721
886,300,-34.161,0,B,0,9487.4,265021
887,300,-35.553,0,B,0,9503.8,265321
888,300,-28.299,0,B,0,9517.2,265621
889,300,-39.211,0,B,0,9529.3,265921
890,300,-34.972,0,B,0,9539.6,266221
891,300,-36.682,0,B,0,9549.9,266521
892,300,-20.477,0,B,0,9560.1,266821
893,300,-18.237,0,B,0,9571.6,267121
894,300,-16.263,0,B,0,9581.7,267421
895,300,-16.75,0,B,0,9592.0,267721
896,300,-18.675,0,B,0,9602.2,268021
897,300,-18.47,0,B,0,9612.5,268321
898,300,-18.442,0,B,0,9622.7,268621
899,300,-18.922,0,B,0,9632.9,268921
900,300,-18.848,0,B,0,9643.0,269221
901,300,-19.752,0,B,0,9653.3,269521
902,300,-21.057,0,B,0,9663.5,269821
903,300,-22.351,0,B,0,9673.7,270121
904,300,-22.079,0,B,0,9684.0,270421
905,300,-22.044,0,B,0,9694.3,270721
906,300,-21.481,0,B,0,9704.6,271021
907,300,-21.409,0,B,0,9714.8,271321
908,300,-20.339,0,B,0,9724.9,271621
909,300,-20.124,0,B,0,9735.1,271921
910,300,-19.622,0,B,0,9745.5,272221
911,300,-19.487,0,B,0,9755.8,272521
912,300,-18.787,0,B,0,9766.1,272821
913,300,-20.197,0,B,0,9776.4,273121
914,300,-19.826,0,B,0,9786.6,273421
915,300,-21.938,0,B,0,9797.7,273721
916,300,-22.56,0,B,0,9808.8,274021
917,300,-22.047,0,B,0,9819.2,274321
918,300,-23.733,0,B,0,9829.1,274621
919,300,-23.592,0,B,0,9838.9,274921
920,300,-23.885,0,B,0,9898.4,275221
921,300,-23.294,0,B,0,9908.3,275521
922,300,-24.102,0,B,0,9918.1,275821
923,300,-22.811,0,B,0,9928.2,276121
924,300,-22.106,0,B,0,9938.6,276421
925,300,-20.24,0,B,0,9948.8,276721
926,300,-20.966,0,B,0,9958.6,277021
927,300,-18.272,0,B,0,9968.4,277321
928,300,-18.692,0,B,0,9978.3,277621
929,300,-17.112,0,B,0,9988.2,277921
930,300,-18.394,0,B,0,9998.3,278221
931,300,-16.917,0,B,0,10008.1,278521
932,300,-18.003,0,B,0,10017.9,278821
933,300,-17.187,0,B,0,10027.7,279121
934,300,-18.534,0,B,0,10037.6,279421
935,300,-18.521,0,B,0,10047.6,279721
936,300,-18.396,0,B,0,10057.4,280021
937,300,-19.215,0,B,0,10067.5,280321
938,300,-18.916,0,B,0,10077.3,280621
939,300,-18.223,0,B,0,10087.1,280921
940,300,-17.64,0,B,0,10096.8,281221
941,300,-18.533,0,B,0,10106.6,281521
942,300,-18.192,0,B,0,10116.5,281821
943,300,-19.493,0,B,0,10126.3,282121
944,300,-18.997,0,B,0,10136.1,282421
945,300,-18.474,0,B,0,10145.9,282721
946,300,-18.464,0,B,0,10155.8,283021
947,300,-20.944,0,B,0,10165.7,283321
948,300,-31.589,0,B,0,10175.5,283621
949,300,-44.373,0,B,0,10185.4,283921
950,55,2.869,1,A,0,10187.2,283976
951,300,-51.016,0,A,0,10197.8,284276
952,300,-51.802,0,A,0,10207.7,284576
953,300,-56.41,0,A,0,10217.6,284876
954,300,-41.899,0,A,0,10227.6,285176
955,300,-40.765,0,A,0,10237.8,285476
956,300,-36.141,0,A,0,10247.6,285776
957,300,-36.866,0,A,0,10257.5,286076
958,300,-36.725,0,A,0,10267.3,286376
959,300,-36.519,0,A,0,10277.0,286676
960,300,-35.901,0,A,0,10286.7,286976
961,300,-33.799,0,A,0,10296.5,287276
962,300,-35.347,0,A,0,10306.4,287576
963,300,-37.605,0,A,0,10316.2,287876
964,68,0.026,1,B,0,10318.5,287944
965,300,-42.24,0,B,0,10328.4,288244
966,300,-43.229,0,B,0,10338.2,288544
967,300,-44.156,0,B,0,10348.2,288844
968,300,-44.418,0,B,0,10358.1,289144
969,300,-45.503,0,B,0,10367.8,289444
970,300,-45.185,0,B,0,10377.8,289744
971,300,-47.078,0,B,0,10387.6,290044
972,300,-46.968,0,B,0,10397.2,290344
973,300,-48.081,0,B,0,10407.0,290644
974,300,-47.958,0,B,0,10416.7,290944
975,300,-47.658,0,B,0,10426.7,291244
976,300,-47.902,0,B,0,10436.6,291544
977,300,-48.288,0,B,0,10446.4,291844
978,300,-46.549,0,B,0,10456.1,292144
979,300,-46.188,0,B,0,10466.1,292444
980,300,-43.763,0,B,0,10476.0,292744
981,300,-45.576,0,B,0,10485.9,293044
982,300,-42.025,0,B,0,10495.6,293344
983,300,-43.496,0,B,0,10505.4,293644
984,300,-43.167,0,B,0,10515.2,293944
985,300,-43.548,0,B,0,10525.1,294244
986,300,-43.633,0,B,0,10534.9,294544
987,300,-41.952,0,B,0,10544.7,294844
988,300,-41.898,0,B,0,10554.7,295144
989,300,-41.953,0,B,0,10564.2,295444
990,300,-42.156,0,B,0,10574.2,295744
991,300,-42.09,0,B,0,10584.0,296044
992,300,-42.211,0,B,0,10593.7,296344
993,300,-43.185,0,B,0,10603.6,296644
994,300,-42.323,0,B,0,10613.5,296944
995,300,-43.497,0,B,0,10623.3,297244
996,300,-43.887,0,B,0,10632.9,297544
997,300,-45.242,0,B,0,10642.7,297844
998,300,-44.245,0,B,0,10652.7,298144
999,300,-44.837,0,B,0,10662.4,298444
1000,300,-43.14,0,B,0,10672.1,298744
1001,300,-43.346,0,B,0,10681.9,299044
1002,300,-42.786,0,B,0,10691.8,299344
1003,300,-42.52,0,B,0,10701.6,299644
1004,300,-42.153,0,B,0,10711.5,299944
